Police_Station,Date_Time,Date,Time,Location,Loc_Id,ACT-379-380_454_457,ACT-294_506,Latitude,Longitude
Amanaka,21.01.2019 15:00,21-01-19,15:00,House,2,1,0,21.261955,81.582385
Amanaka,24.01.2019 14:00,24-01-19,14:00,Street,5,1,0,21.257622,81.560987
Amanaka,11.02.2019 19:00,11-02-19,19:00,Street,5,1,0,21.254403,81.569533
Amanaka,16.02.2019 02:00,16-02-19,2:00,Office,3,1,0,21.298258,81.56662
Amanaka,24.02.2019 03:00,24-02-19,3:00,House,2,1,0,21.256804,81.581513
Amanaka,06.03.2019 00:30,06-03-19,0:30,Street,5,1,0,21.268228,81.576769
Amanaka,24.03.2019 19:00,24-03-19,19:00,Office,3,1,0,21.267036,81.558458
Amanaka,04.04.2019 00:05,04-04-19,0:05,House,2,1,0,21.261979,81.582406
Amanaka,12.04.2019 18:15,12-04-19,18:15,Street,5,1,0,21.261773,81.586216
Amanaka,28.04.2019 19:10,28-04-19,19:10,Street,5,1,0,21.258072,81.587343
Amanaka,24.05.2019 02:00,24-05-19,2:00,House,2,1,0,21.250696,81.564426
Amanaka,21.06.2019 21:45,21-06-19,21:45,Street,5,1,0,21.25341,81.54943
Amanaka,04.07.2019 14:00,04-07-19,14:00,House,2,1,0,21.245244,81.579989
Amanaka,07.07.2019 16:00,07-07-19,16:00,Hospital ,1,1,0,21.257632,81.577476
Amanaka,14.07.2019 20:00,14-07-19,20:00,Street,5,1,0,21.259604,81.575841
Amanaka,16.06.2019 21:45,16-06-19,21:45,Street,5,1,0,21.260899,81.588526
Amanaka,30.05.2019 00:05,30-05-19,0:05,Street,5,1,0,21.24506,81.579729
Amanaka,19.07.2019 10:30,19-07-19,10:30,Street,5,1,0,21.243778,81.636258
Amanaka,28.07.2019 15:15,28-07-19,0:00,Street,5,1,0,21.259851,81.575894
Amanaka,02.08.2019 10:30,02-08-19,10:30,Street,5,1,0,21.260029,81.579725
Amanaka,06.08.2019 14:00,06-08-19,14:00,Hospital ,1,1,0,21.257406,81.577991
Amanaka,06.08.2019 02:00,06-08-19,2:00,House,2,1,0,21.292403,81.560987
Amanaka,13.08.2019 14:00,13-08-19,14:00,Street,5,1,0,21.262019,81.588389
Amanaka,10.08.2019 15:00,10-08-19,15:00,Hospital ,1,1,0,21.257406,81.577991
Amanaka,19.08.2019 02:00,19-08-19,0:00,House,2,1,0,21.246122,81.581479
Amanaka,30.08.2019 15:00,30-08-19,15:00,Street,5,1,0,21.254369,81.569544
Amanaka,11.09.2019 09:20,11-09-19,9:20,Street,5,1,0,21.266671,81.580893
Amanaka,12.09.2019 22:00,12-09-19,22:00,Hospital ,1,1,0,21.257406,81.577991
Amanaka,25.09.2019 15:00,25-09-19,15:00,Hospital ,1,1,0,21.257406,81.577991
Amanaka,27.09.2019 15:40,27-09-19,15:40,Shop,4,1,0,21.25839,81.586798
Amanaka,30.09.2019 14:30,30-09-19,14:00,Hospital ,1,1,0,21.257406,81.577991
Amanaka,02.10.2019 14:00,02-10-19,14:00,Hospital ,1,1,0,21.257406,81.577991
Amanaka,12.10.2019 10:30,12-10-19,10:30,Hospital ,1,1,0,21.257406,81.577991
Amanaka,22.10.2019 02:00,22-10-19,2:00,Hospital ,1,1,0,21.257406,81.577991
Amanaka,03.11.2019 06:00,03-11-19,6:00,Street,5,1,0,21.273465,81.582215
Amanaka,07.11.2019 19:30,07-11-19,19:30,Street,5,1,0,21.253672,81.587199
Amanaka,25.11.2019 21:00,25-11-19,21:00,Hospital ,1,1,0,21.257406,81.577991
Amanaka,03.06.2019  20:00,03-06-19,20:00,Street,5,0,1,21.253248,81.54638
Amanaka,04.06.2019 22:00,04-06-19,22:00,Shop,4,0,1,21.263427,81.570182
Amanaka,07.06.2019 17:00,07-06-19,17:00,Shop,4,0,1,21.25731,81.565675
Amanaka,07.06.2019 23:30,07-06-19,23:30,House,2,0,1,21.237696,81.660332
Amanaka,21.06.2019 10:00,21-06-19,10:00,House,2,0,1,21.258053,81.587688
Amanaka,12.05.2019 04:00,12-05-19,4:00,House,2,0,1,21.246874,81.580918
Amanaka,13.05.2019 17:30,13-05-19,17:30,House,2,0,1,21.255896,81.587353
Amanaka,26.05.2019 21:15,26-05-19,21:15,House,2,0,1,21.287605,81.557484
Amanaka,28.04.2019 21:30,28-04-19,21:30,Street,5,0,1,21.258053,81.587688
Amanaka,30.04.2019 22:30,30-04-19,22:30,House,2,0,1,21.261333,81.569696
Amanaka,07.03.2019 18:15,07-03-19,18:15,Street,5,0,1,21.265072,81.573862
Amanaka,03.03.2019 11:00,03-03-19,11:00,Street,5,0,1,21.256957,81.557772
Amanaka,18.03.2019 14:00,18-03-19,14:00,Street,5,0,1,21.287605,81.557484
Amanaka,19.03.2019 21:30,19-03-19,21:30,Street,5,0,1,21.258644,81.566876
Amanaka,21.03.2019 21:15,21-03-19,21:15,Street,5,0,1,21.25882,81.580514
Amanaka,28.03.2019 09:00,28-03-19,9:00,Street,5,0,1,21.26499,81.590505
Amanaka,09.02.2019 00:30,09-02-19,0:30,Street,5,0,1,21.263592,81.570051
Amanaka,08.02.2019 08:00,08-02-19,8:00,Street,5,0,1,21.258644,81.566876
Amanaka,08.02.2019 19:25,08-02-19,19:25,Street,5,0,1,21.258644,81.566876
Amanaka,20.02.2019 14:15,20-02-19,14:15,Street,5,0,1,21.258053,81.587688
Amanaka,03.01.2019 20:00,03-01-19,20:00,Street,5,0,1,21.258644,81.566876
Amanaka,16.01.2019 13:00,16-01-19,13:00,Shop,4,0,1,21.262071,81.583756
Amanaka,20.07.2019 12:15,20-07-19,12:15,Street,5,0,1,21.266278,81.564567
Amanaka,15.08.2019 17:45,15-08-19,17:45,Street,5,0,1,21.280204,81.544417
Amanaka,11.08.2019 09:30,11-08-19,9:30,Street,5,0,1,21.258053,81.587688
Amanaka,04.08.2019 11:00,04-08-19,11:00,House,2,0,1,21.258644,81.566876
Amanaka,06.08.2019 22:00,06-08-19,22:00,Street,5,0,1,21.293842,81.571115
Amanaka,13.09.2019 19:00,13-09-19,19:00,Street,5,0,1,21.26499,81.590505
Amanaka,09.09.2019 22:00,09-09-19,22:00,Street,5,0,1,21.258644,81.566876
Amanaka,09.09.2019 20:30,09-09-19,20:30,Street,5,0,1,21.255896,81.587353
Amanaka,04.09.2019 18:30,04-09-19,18:30,Street,5,0,1,21.258053,81.587688
Amanaka,06.09.2019 23:00,06-09-19,23:00,Street,5,0,1,21.253669,81.573702
Amanaka,03.09.2019 22:30,03-09-19,22:30,Street,5,0,1,21.253669,81.573702
Amanaka,03.09.2019 22:30,03-09-19,22:30,Street,5,0,1,21.253669,81.573702
Amanaka,30.10.2019 23:00,30-10-19,23:00,Street,5,0,1,21.262076,81.572333
Amanaka,26.10.2019 18:30,26-10-19,18:30,Street,5,0,1,21.287605,81.557484
Amanaka,16.10.2019 20:00,16-10-19,20:00,Street,5,0,1,21.246874,81.580918
Amanaka,13.10.2019 17:30,13-10-19,17:30,House,2,0,1,21.26499,81.590505
Amanaka,13.10.2019 17:30,13-10-19,17:30,Street,5,0,1,21.26499,81.590505
Amanaka,30.11.2019 08:30,30-11-19,8:30,Street,5,0,1,21.255896,81.587353
Amanaka,27.11.2019 23:50,27-11-19,23:50,Street,5,0,1,21.261921,81.58244
Amanaka,21.11.2019 19:20,21-11-19,19:20,Street,5,0,1,21.258053,81.587688
Amanaka,11.11.2019 21:30,11-11-19,21:30,Street,5,0,1,21.251596,81.595371
Amanaka,11.11.2019 19:40,11-11-19,19:40,Street,5,0,1,21.258644,81.566876
Amanaka,23.12.2019 07:00,23-12-19,7:00,Street,5,0,1,21.252964,81.574777
Amanaka,15.12.2019 19:30,15-12-19,19:30,Street,5,0,1,21.26499,81.590505
Amanaka,01.12.2019 21:30,01-12-19,21:30,Street,5,0,1,21.258053,81.587688
Civil_Line,05.01.2019 14:15,05-01-19,14:15,Street,5,1,0,21.244765,81.643323
Civil_Line,13.12.2019 00:15,13-12-19,0:15,Office,3,1,0,21.246206,81.643902
Civil_Line,06.01.2019 19:00,06-01-19,19:00,Street,5,1,0,21.256759,81.653194
Civil_Line,12.01.2019 09:00,12-01-19,9:00,House,2,1,0,21.250217,81.64699
Civil_Line,13.01.2019 19:00,13-01-19,19:00,House,2,1,0,21.243327,81.668901
Civil_Line,13.01.2019 16:30,13-01-19,16:30,Street,5,1,0,21.248974,81.654522
Civil_Line,15.01.2019 10:45,15-01-19,10:45,House,2,1,0,21.250787,81.657366
Civil_Line,13.01.2019 20:30,13-01-19,20:30,Street,5,1,0,21.24528,81.643263
Civil_Line,16.01.2019 10:30,16-01-19,10:30,House,2,1,0,21.258866,81.658568
Civil_Line,31.01.2019 20:00,31-01-19,20:00,Street,5,1,0,21.24927,81.645284
Civil_Line,03.02.2019 21:15,03-02-19,21:15,Street,5,1,0,21.249757,81.646588
Civil_Line,28.01.2019 23:00,28-01-19,23:00,Street,5,1,0,21.246253,81.663179
Civil_Line,13.02.2019 02:00,13-02-19,2:00,Street,5,1,0,21.24337,81.66861
Civil_Line,20.02.2019 23:00,20-02-19,23:00,Hospital ,1,1,0,21.254693,81.66236
Civil_Line,21.02.2019 13:30,21-02-19,13:30,Street,5,1,0,21.246206,81.643902
Civil_Line,03.03.2019 20:00,03-03-19,20:00,Street,5,1,0,21.24781,81.659964
Civil_Line,17.02.2019 11:00,17-02-19,11:00,Street,5,1,0,21.242366,81.64508
Civil_Line,15.03.2019 23:30,15-03-19,23:30,Street,5,1,0,21.244027,81.657139
Civil_Line,15.03.2019 23:00,15-03-19,23:00,Street,5,1,0,21.235205,81.651045
Civil_Line,14.03.2019 17:00,14-03-19,17:00,House,2,1,0,21.255997,81.661459
Civil_Line,29.03.2019 06:30,29-03-19,6:30,Street,5,1,0,21.246944,81.669409
Civil_Line,01.04.2019 20:45,01-04-19,20:45,Street,5,1,0,21.237984,81.645356
Civil_Line,07.04.2019 05:40,07-04-19,5:40,Street,5,1,0,21.243246,81.651834
Civil_Line,06.04.2019 06:45,06-04-19,6:45,Street,5,1,0,21.246912,81.649285
Civil_Line,08.04.2019 18:40,08-04-19,18:40,Street,5,1,0,21.243886,81.646029
Civil_Line,09.04.2019 15:50,09-04-19,15:50,Street,5,1,0,21.230621,81.656517
Civil_Line,14.04.2019 14:25,14-04-19,14:25,Street,5,1,0,21.237958,81.643418
Civil_Line,09.04.2019 15:30,09-04-19,15:30,Street,5,1,0,21.24528,81.643263
Civil_Line,27.03.2019 02:00,27-03-19,2:00,Office,3,1,0,21.244138,81.64868
Civil_Line,22.04.2019 09:30,22-04-19,9:30,Street,5,1,0,21.229987,81.654664
Civil_Line,23.04.2019 15:30,23-04-19,15:30,House,2,1,0,21.257581,81.655169
Civil_Line,01.05.2019 16:45,01-05-19,16:45,Street,5,1,0,21.249171,81.649906
Civil_Line,03.05.2019 22:22,03-05-19,22:22,Street,5,1,0,21.24217,81.655644
Civil_Line,16.05.2019 01:00,16-05-19,1:00,House,2,1,0,21.257622,81.662649
Civil_Line,18.05.2019 10:45,18-05-19,10:45,Street,5,1,0,21.253955,81.649075
Civil_Line,20.05.2019 13:15,20-05-19,13:15,Street,5,1,0,21.24314,81.648346
Civil_Line,28.05.2019 17:45,28-05-19,17:45,Street,5,1,0,21.24528,81.643263
Civil_Line,26.05.2019 02:30,26-05-19,2:30,Street,5,1,0,21.246695,81.668825
Civil_Line,30.05.2019 03:00,30-05-19,3:00,Street,5,1,0,21.252654,81.660919
Civil_Line,30.05.2019 20:00,30-05-19,20:00,Street,5,1,0,21.235119,81.650946
Civil_Line,02.06.2019 03:30,02-06-19,3:30,House,2,1,0,21.249485,81.653762
Civil_Line,04.06.2019 12:00,04-06-19,12:00,Street,5,1,0,21.246721,81.642209
Civil_Line,08.06.2019 20:20,08-06-19,20:20,Street,5,1,0,21.247555,81.645917
Civil_Line,09.06.2019 20:30,09-06-19,20:30,Street,5,1,0,21.235559,81.652553
Civil_Line,09.06.2019 22:30,09-06-19,22:30,Street,5,1,0,21.24649,81.659823
Civil_Line,15.06.2019 22:35,15-06-19,2:35,Street,5,1,0,21.234752,81.64469
Civil_Line,16.06.2019 11:00,16-06-19,11:00,Street,5,1,0,21.23556,81.647681
Civil_Line,16.06.2019 21:10,16-06-19,21:10,Street,5,1,0,21.235213,81.651081
Civil_Line,21.06.2019 02:30,21-06-19,2:30,House,2,1,0,21.248693,81.655324
Civil_Line,25.06.2019 01:30,25-06-19,1:30,Street,5,1,0,21.246541,81.646897
Civil_Line,25.06.2019 19:30,25-06-19,19:30,Street,5,1,0,21.234501,81.654714
Civil_Line,04.07.2019 15:00,04-07-19,15:00,Street,5,1,0,21.246674,81.642151
Civil_Line,08.07.2019 21:30,08-07-19,21:30,Street,5,1,0,21.235136,81.650983
Civil_Line,11.07.2019 21:00,11-07-19,21:00,Street,5,1,0,21.235136,81.650983
Civil_Line,06.07.2019 20:45,06-07-19,20:45,Street,5,1,0,21.235136,81.650983
Civil_Line,15.07.2019 02:30,15-07-19,2:30,Street,5,1,0,21.241273,81.656137
Civil_Line,22.07.2019 15:00,22-07-19,15:00,Street,5,1,0,21.249144,81.654135
Civil_Line,25.07.2019 16:00,25-07-19,16:00,House,2,1,0,21.231174,81.653293
Civil_Line,30.07.2019 02:30,30-07-19,2:30,House,2,1,0,21.236006,81.654508
Civil_Line,04.08.2019 22:00,04-08-19,22:00,Street,5,1,0,21.242637,81.652628
Civil_Line,05.08.2019 17:00,05-08-19,17:00,Street,5,1,0,21.24528,81.643263
Civil_Line,06.08.2019 19:00,06-08-19,19:00,Street,5,1,0,21.249531,81.665915
Civil_Line,07.08.2019 02:15,07-08-19,2:15,House,2,1,0,21.246667,81.66649
Civil_Line,17.08.2019 13:30,17-08-19,13:30,House,2,1,0,21.24853,81.668441
Civil_Line,21.08.2019 19:00,21-08-19,19:00,Street,5,1,0,21.249626,81.649657
Civil_Line,23.08.2019 03:00,23-08-19,3:00,House,2,1,0,21.239344,81.654856
Civil_Line,23.08.2019 17:00,23-08-19,17:00,Street,5,1,0,21.237812,81.645782
Civil_Line,23.08.2019 19:15,23-08-19,19:15,Street,5,1,0,21.234709,81.654693
Civil_Line,28.08.2019 13:00,28-08-19,13:00,Street,5,1,0,21.246827,81.641908
Civil_Line,05.09.2019 16:00,05-09-19,16:00,Street,5,1,0,21.245161,81.642146
Civil_Line,07.09.2019 03:00,07-09-19,3:00,House,2,1,0,21.228294,81.656357
Civil_Line,05.09.2019 02:00,05-09-19,2:00,House,2,1,0,21.244087,81.652249
Civil_Line,06.09.2019 08:00,06-09-19,8:00,Street,5,1,0,21.243771,81.646458
Civil_Line,06.09.2019 23:00,06-09-19,23:00,Street,5,1,0,21.234268,81.64926
Civil_Line,15.09.2019 06:00,15-09-19,6:00,Street,5,1,0,21.248423,81.653403
Civil_Line,15.09.2019 03:30,15-09-19,3:30,House,2,1,0,21.248764,81.652765
Civil_Line,18.09.2019 13:30,18-09-19,13:30,Street,5,1,0,21.24108,81.652239
Civil_Line,01.09.2019 08:15,01-09-19,8:15,House,2,1,0,21.23011,81.65637
Civil_Line,26.09.2019 03:00,26-09-19,3:00,Street,5,1,0,21.249155,81.64618
Civil_Line,27.09.2019 10:00,27-09-19,10:00,Street,5,1,0,21.236989,81.648895
Civil_Line,01.10.2019 02:00,01-10-19,2:00,Street,5,1,0,21.246804,81.659469
Civil_Line,02.10.2019 07:15,02-10-19,7:15,Street,5,1,0,21.242549,81.65213
Civil_Line,18.08.2019 01:30,18-08-19,1:30,Street,5,1,0,21.252147,81.648314
Civil_Line,24.08.2019 03:00,24-08-19,3:00,Street,5,1,0,21.258145,81.654727
Civil_Line,10.10.2019 02:00,10-10-19,2:00,House,2,1,0,21.25327,81.65282
Civil_Line,13.10.2019 18:25,13-10-19,18:25,Street,5,1,0,21.243892,81.644733
Civil_Line,15.10.2019 02:00,15-10-19,2:00,House,2,1,0,21.246164,81.651188
Civil_Line,22.10.2019 16:00,22-10-19,16:00,Street,5,1,0,21.244697,81.643531
Civil_Line,27.10.2019 20:00,27-10-19,20:00,House,2,1,0,21.249133,81.654282
Civil_Line,27.10.2019 21:00,27-10-19,21:00,Street,5,1,0,21.24528,81.643263
Civil_Line,05.10.2019 17:45,05-10-19,17:45,Street,5,1,0,21.245,81.642176
Civil_Line,05.11.2019 16:30,05-11-19,16:30,Street,5,1,0,21.246895,81.641919
Civil_Line,08.11.2019 19:30,08-11-19,19:30,Street,5,1,0,21.24332,81.649587
Civil_Line,06.10.2019 10:00,06-10-19,10:00,Street,5,1,0,21.252361,81.646373
Civil_Line,15.11.2019 18:00,15-11-19,18:00,Street,5,1,0,21.249045,81.655447
Civil_Line,19.11.2019 18:40,19-11-19,18:40,Street,5,1,0,21.228782,81.659722
Civil_Line,22.11.2019 14:35,22-11-19,14:35,Street,5,1,0,21.246895,81.641919
Civil_Line,28.11.2019 22:10,28-11-19,22:10,Street,5,1,0,21.253282,81.652329
Civil_Line,05.12.2019 20:00,05-12-19,20:00,Street,5,1,0,21.247733,81.646059
Civil_Line,08.12.2019 21:40,08-12-19,21:40,Street,5,1,0,21.248882,81.655385
Civil_Line,11.12.2019 15:15,11-12-19,15:15,Street,5,1,0,21.256426,81.65291
Civil_Line,12.12.2019 19:15,12-12-19,19:15,Street,5,1,0,21.251558,81.647673
Civil_Line,15.12.2019 20:15,15-12-19,20:15,Street,5,1,0,21.246738,81.645657
Civil_Line,18.12.2019 16:10,18-12-19,16:10,Street,5,1,0,21.24425,81.644966
Civil_Line,24.12.2019 12:30,24-12-19,12:30,Street,5,1,0,21.246804,81.64272
Civil_Line,16.12.2019 11:45,16-12-19,11:45,Street,5,1,0,21.245818,81.643653
Civil_Line,28.12.2019 14:10,28-12-19,14:10,Street,5,1,0,21.242701,81.652044
Civil_Line,07.01.2019 18:30,07-01-19,18:30,Shop,4,0,1,21.256868,81.647811
Civil_Line,16.01.2019 03:00,16-01-19,3:00,House,2,0,1,21.248892,81.650273
Civil_Line,17.01.2019 12:30,17-01-19,12:30,Shop,4,0,1,21.245297,81.654697
Civil_Line,18.01.2019 21:45,18-01-19,21:45,Shop,4,0,1,21.239152,81.651767
Civil_Line,22.01.2019 18:30,22-01-19,18:30,Street,5,0,1,21.252308,81.651576
Civil_Line,26.10.2019 00:00,26-10-19,0:00,Street,5,0,1,21.246895,81.641919
Civil_Line,01.02.2019 22:30,01-02-19,22:30,Street,5,0,1,21.234596,81.651286
Civil_Line,02.02.2019 13:30,02-02-19,13:30,House,2,0,1,21.248892,81.650273
Civil_Line,04.02.2019 22:40,04-02-19,22:40,Street,5,0,1,21.254002,81.655545
Civil_Line,05.02.2019 08:45,05-02-19,8:45,House,2,0,1,21.252308,81.651576
Civil_Line,11.02.2019 19:00,11-02-19,19:00,House,2,0,1,21.249855,81.655884
Civil_Line,19.02.2019 15:30,19-02-19,15:30,Street,5,0,1,21.245802,81.647312
Civil_Line,21.02.2019 16:45,21-02-19,16:45,Shop,4,0,1,21.242265,81.655273
Civil_Line,24.02.2019 20:30,24-02-19,20:30,Street,5,0,1,21.239152,81.651767
Civil_Line,24.02.2019 22:00,24-02-19,22:00,Street,5,0,1,21.239152,81.651767
Civil_Line,26.02.2019 16:30,26-02-19,16:30,Street,5,0,1,21.250453,81.661867
Civil_Line,27.02.2019 06:00,27-02-19,6:00,Street,5,0,1,21.248892,81.650273
Civil_Line,02.03.2019 22:00,02-03-19,22:00,Shop,4,0,1,21.256868,81.647811
Civil_Line,21.03.2019 13:30,21-03-19,13:30,Street,5,0,1,21.239152,81.651767
Civil_Line,29.03.2019 19:47,29-03-19,19:47,Street,5,0,1,21.250453,81.661867
Civil_Line,30.03.2019 20:15,30-03-19,20:15,Street,5,0,1,21.252308,81.651576
Civil_Line,31.03.2019 15:30,31-03-19,15:30,Street,5,0,1,21.254219,81.650599
Civil_Line,31.03.2019 15:30,31-03-19,15:30,Street,5,0,1,21.256868,81.647811
Civil_Line,05.04.2019 21:30,05-04-19,21:30,Street,5,0,1,21.244623,81.652713
Civil_Line,05.04.2019 22:00,05-04-19,22:00,Street,5,0,1,21.244623,81.652713
Civil_Line,11.04.2019 21:15,11-04-19,21:15,Street,5,0,1,21.248892,81.650273
Civil_Line,12.04.2019 21:30,12-04-19,21:30,Street,5,0,1,21.242265,81.655273
Civil_Line,13.04.2019 13:30,13-04-19,13:30,Street,5,0,1,21.236402,81.646528
Civil_Line,14.04.2019 02:00,14-04-19,2:00,Street,5,0,1,21.243429,81.65366
Civil_Line,16.04.2019 22:45,16-04-19,22:45,Street,5,0,1,21.248892,81.650273
Civil_Line,28.04.2019 17:00,28-04-19,17:00,House,2,0,1,21.239135,81.646328
Civil_Line,28.04.2019 17:00,28-04-19,17:00,House,2,0,1,21.239135,81.646328
Civil_Line,04.05.2019 16:00,04-05-19,16:00,Street,5,0,1,21.239152,81.651767
Civil_Line,09.05.2019 01:30,09-05-19,1:30,Street,5,0,1,21.254219,81.650599
Civil_Line,16.05.2019 14:15,16-05-19,14:15,Street,5,0,1,21.239152,81.651767
Civil_Line,21.05.2019 01:30,21-05-19,1:30,Street,5,0,1,21.248892,81.650273
Civil_Line,20.05.2019 03:45,20-05-19,3:45,Street,5,0,1,21.249855,81.655884
Civil_Line,23.05.2019 01:00,23-05-19,1:00,Street,5,0,1,21.256868,81.647811
Civil_Line,29.05.2019 10:15,29-05-19,10:15,Street,5,0,1,21.243429,81.65366
Civil_Line,29.05.2019 10:15,29-05-19,10:15,Street,5,0,1,21.243429,81.65366
Civil_Line,03.06.2019 19:15,03-06-19,19:15,Street,5,0,1,21.249855,81.655884
Civil_Line,04.06.2019 23:30,04-06-19,23:30,Street,5,0,1,21.241009,81.641748
Civil_Line,06.06.2019 18:30,06-06-19,18:30,House,2,0,1,21.234113,81.654661
Civil_Line,06.06.2019 18:30,06-06-19,18:30,House,2,0,1,21.234113,81.654661
Civil_Line,09.06.2019 23:00,09-06-19,23:00,Street,5,0,1,21.256868,81.647811
Civil_Line,11.06.2019 06:45,11-06-19,6:45,Street,5,0,1,21.243429,81.65366
Civil_Line,13.06.2019 11:45,13-06-19,11:45,Street,5,0,1,21.250453,81.661867
Civil_Line,16.06.2019 23:10,16-06-19,23:10,Street,5,0,1,21.254219,81.650599
Civil_Line,19.06.2019 19:00,19-06-19,19:00,Street,5,0,1,21.234113,81.654661
Civil_Line,23.06.2019 22:50,23-06-19,22:50,House,2,0,1,21.244623,81.652713
Civil_Line,29.06.2019 23:30,29-06-19,23:30,Street,5,0,1,21.252308,81.651576
Civil_Line,03.07.2019 20:00,03-07-19,20:00,Street,5,0,1,21.256868,81.647811
Civil_Line,12.07.2019 20:00,12-07-19,20:00,Street,5,0,1,21.239152,81.651767
Civil_Line,15.07.2019 18:45,15-07-19,18:45,Street,5,0,1,21.234113,81.654661
Civil_Line,20.07.2019 13:00,20-07-19,13:00,Office,3,0,1,21.239135,81.646328
Civil_Line,21.07.2019 22:00,21-07-19,22:00,Street,5,0,1,21.249855,81.655884
Civil_Line,26.07.2019 14:30,26-07-19,14:30,Street,5,0,1,21.234113,81.654661
Civil_Line,26.07.2019 12:00,26-07-19,12:00,House,2,0,1,21.239152,81.651767
Civil_Line,28.07.2019 18:00,28-07-19,18:00,Street,5,0,1,21.252308,81.651576
Civil_Line,31.07.2019 23:30,31-07-19,23:30,Street,5,0,1,21.244623,81.652713
Civil_Line,04.08.2019 22:00,04-08-19,22:00,Street,5,0,1,21.242265,81.655273
Civil_Line,06.08.2019 14:00,06-08-19,14:00,Street,5,0,1,21.254219,81.650599
Civil_Line,14.08.2019 00:10,14-08-19,0:10,Street,5,0,1,21.234113,81.654661
Civil_Line,14.08.2019 09:30,14-08-19,9:30,Street,5,0,1,21.25885,81.658579
Civil_Line,18.08.2019 00:10,18-08-19,0:10,Street,5,0,1,21.234113,81.654661
Civil_Line,19.08.2019 11:00,19-08-19,11:00,House,2,0,1,21.256868,81.647811
Civil_Line,20.08.2019 16:30,20-08-19,16:30,Street,5,0,1,21.254219,81.650599
Civil_Line,21.08.2019 19:30,21-08-19,19:30,Street,5,0,1,21.252308,81.651576
Civil_Line,29.08.2019 17:30,29-08-19,17:30,Street,5,0,1,21.244632,81.642394
Civil_Line,29.08.2019 20:00,29-08-19,20:00,Street,5,0,1,21.244623,81.652713
Civil_Line,26.08.2019 13:30,26-08-19,13:30,Street,5,0,1,21.246895,81.641919
Civil_Line,02.09.2019 20:30,02-09-19,20:30,Street,5,0,1,21.248892,81.650273
Civil_Line,06.09.2019 22:30,06-09-19,22:30,Street,5,0,1,21.25885,81.658579
Civil_Line,08.09.2019 15:30,08-09-19,15:30,Street,5,0,1,21.244632,81.642394
Civil_Line,10.09.2019 20:30,10-09-19,20:30,Street,5,0,1,21.243429,81.65366
Civil_Line,13.09.2019 15:00,13-09-19,15:00,Street,5,0,1,21.248892,81.650273
Civil_Line,14.09.2019 10:30,14-09-19,10:30,House,2,0,1,21.239152,81.651767
Civil_Line,14.09.2019 10:30,14-09-19,10:30,Street,5,0,1,21.249855,81.655884
Civil_Line,19.09.2019 21:30,19-09-19,21:30,Street,5,0,1,21.249855,81.655884
Civil_Line,20.09.2019 13:55,20-09-19,13:55,Street,5,0,1,21.243429,81.65366
Civil_Line,24.09.2019 09:00,24-09-19,9:00,Street,5,0,1,21.252308,81.651576
Civil_Line,02.10.2019 17:30,02-10-19,17:30,Street,5,0,1,21.249855,81.655884
Civil_Line,03.10.2019 23:30,03-10-19,23:30,Street,5,0,1,21.248892,81.650273
Civil_Line,08.10.2019 20:15,08-10-19,20:15,Street,5,0,1,21.235136,81.650983
Civil_Line,08.10.2019 20:30,08-10-19,20:30,Street,5,0,1,21.248892,81.650273
Civil_Line,08.10.2019 22:45,08-10-19,22:45,Street,5,0,1,21.248892,81.650273
Civil_Line,09.10.2019 18:30,09-10-19,18:30,Street,5,0,1,21.244623,81.652713
Civil_Line,11.10.2019 23:45,11-10-19,23:45,Street,5,0,1,21.252308,81.651576
Civil_Line,13.10.2019 18:00,13-10-19,18:00,Street,5,0,1,21.243429,81.65366
Civil_Line,15.10.2019 01:00,15-10-19,1:00,Street,5,0,1,21.256868,81.647811
Civil_Line,17.10.2019 18:00,17-10-19,18:00,Street,5,0,1,21.246895,81.641919
Civil_Line,26.10.2019 17:30,26-10-19,17:30,Street,5,0,1,21.252308,81.651576
Civil_Line,26.10.2019 17:30,26-10-19,17:30,Street,5,0,1,21.252308,81.651576
Civil_Line,29.10.2019 22:30,29-10-19,22:30,Street,5,0,1,21.248892,81.650273
Civil_Line,05.11.2019 10:50,05-11-19,10:50,Street,5,0,1,21.244632,81.642394
Civil_Line,05.11.2019 10:50,05-11-19,10:50,Street,5,0,1,21.246895,81.641919
Civil_Line,15.11.2019 14:15,15-11-19,14:15,Street,5,0,1,21.250453,81.661867
Civil_Line,18.11.2019 21:45,18-11-19,21:45,Street,5,0,1,21.239135,81.646328
Civil_Line,29.11.2019 18:45,29-11-19,18:45,Street,5,0,1,21.239152,81.651767
Civil_Line,22.12.2019 21:30,22-12-19,21:30,Street,5,0,1,21.244623,81.652713
Civil_Line,26.12.2019 12:30,26-12-19,12:30,Street,5,0,1,21.244623,81.652713
Civil_Line,25.12.2019 22:20,25-12-19,22:20,Street,5,0,1,21.244632,81.642394
Gudhiyari,06.01.2019 09:30,06-01-19,9:30,Street,5,0,1,21.253786,81.624455
Gudhiyari,09.01.2019 13:30,09-01-19,13:30,House,2,0,1,21.259294,81.627443
Gudhiyari,11.01.2019 12:30,11-01-19,12:30,House,2,0,1,21.259294,81.627443
Gudhiyari,15.01.2019 12:30,15-01-19,12:30,Street,5,0,1,21.257147,81.62782
Gudhiyari,22.01.2019 22:00,22-01-19,22:00,Street,5,0,1,21.25244,81.624902
Gudhiyari,22.01.2019 22:00,22-01-19,22:00,Street,5,0,1,21.25244,81.624902
Gudhiyari,26.01.2019 11:00,26-01-19,11:00,House,2,0,1,21.269975,81.611062
Gudhiyari,29.01.2019 03:30,29-01-19,3:30,Street,5,0,1,21.25244,81.624902
Gudhiyari,29.01.2019 20:30,29-01-19,20:30,Street,5,0,1,21.269975,81.611062
Gudhiyari,31.01.2019 08:00,31-01-19,8:00,Street,5,0,1,21.269975,81.611062
Gudhiyari,01.02.2019 20:30,01-02-19,20:30,Street,5,0,1,21.252573,81.620979
Gudhiyari,06.02.2019 22:45,06-02-19,22:45,Street,5,0,1,21.269975,81.611062
Gudhiyari,06.02.2019 22:30,06-02-19,22:30,Street,5,0,1,21.262703,81.62083
Gudhiyari,08.02.2019 16:00,08-02-19,16:00,House,2,0,1,21.253786,81.624455
Gudhiyari,10.02.2019 22:30,10-02-19,22:30,Street,5,0,1,21.252573,81.620979
Gudhiyari,13.02.2019 00:00,13-02-19,0:00,House,2,0,1,21.262703,81.62083
Gudhiyari,18.02.2019 09:00,18-02-19,9:00,Street,5,0,1,21.253786,81.624455
Gudhiyari,18.02.2019 21:00,18-02-19,21:00,Street,5,0,1,21.257169,81.594172
Gudhiyari,22.02.2019 21:00,22-02-19,21:00,Street,5,0,1,21.259868,81.621321
Gudhiyari,22.02.2019 21:00,22-02-19,21:00,House,2,0,1,21.259868,81.621321
Gudhiyari,22.02.2019 21:00,22-02-19,21:00,Shop,4,0,1,21.266978,81.617487
Gudhiyari,24.02.2019 13:00,24-02-19,13:00,Street,5,0,1,21.259868,81.621321
Gudhiyari,24.02.2019 16:40,24-02-19,16:40,House,2,0,1,21.252102,81.617224
Gudhiyari,18.02.2019 00:30,18-02-19,0:30,Street,5,0,1,21.253786,81.624455
Gudhiyari,27.02.2019 21:30,27-02-19,21:30,Street,5,0,1,21.263428,81.605081
Gudhiyari,03.03.2019 21:30,03-03-19,21:30,Street,5,0,1,21.262703,81.62083
Gudhiyari,07.03.2019 20:15,07-03-19,20:15,Street,5,0,1,21.269975,81.611062
Gudhiyari,21.03.2019 16:30,21-03-19,16:30,Street,5,0,1,21.262703,81.62083
Gudhiyari,24.03.2019 21:30,24-03-19,21:30,Street,5,0,1,21.266156,81.625254
Gudhiyari,26.03.2019 21:50,26-03-19,21:50,Street,5,0,1,21.252102,81.617224
Gudhiyari,03.04.2019 17:30,03-04-19,17:30,Street,5,0,1,21.259294,81.627443
Gudhiyari,05.04.2019 22:30,05-04-19,22:30,House,2,0,1,21.253786,81.624455
Gudhiyari,07.04.2019 18:00,07-04-19,18:00,House,2,0,1,21.253786,81.624455
Gudhiyari,08.04.2019 21:30,08-04-19,21:30,Shop,4,0,1,21.253786,81.624455
Gudhiyari,14.04.2019 11:00,14-04-19,11:00,House,2,0,1,21.269975,81.611062
Gudhiyari,16.04.2019 22:20,16-04-19,22:20,House,2,0,1,21.259868,81.621321
Gudhiyari,16.04.2019 22:20,16-04-19,22:20,House,2,0,1,21.259868,81.621321
Gudhiyari,23.04.2019 16:00,23-04-19,16:00,House,2,0,1,21.252102,81.617224
Gudhiyari,27.04.2019 11:30,27-04-19,11:30,Shop,4,0,1,21.262703,81.62083
Gudhiyari,01.05.2019 21:00,01-05-19,21:00,House,2,0,1,21.262703,81.62083
Gudhiyari,06.05.2019 19:00,06-05-19,19:00,Street,5,0,1,21.259868,81.621321
Gudhiyari,11.05.2019 10:10,11-05-19,10:10,Street,5,0,1,21.253786,81.624455
Gudhiyari,15.05.2019 13:30,15-05-19,13:30,Street,5,0,1,21.269975,81.611062
Gudhiyari,20.05.2019 20:00,20-05-19,20:00,Street,5,0,1,21.251127,81.619749
Gudhiyari,19.05.2019 19:00,19-05-19,19:00,Street,5,0,1,21.259868,81.621321
Gudhiyari,26.05.2019 22:00,26-05-19,22:00,Street,5,0,1,21.262703,81.62083
Gudhiyari,30.05.2019 20:30,30-05-19,20:30,Street,5,0,1,21.262703,81.62083
Gudhiyari,04.06.2019 10:30,04-06-19,10:30,Street,5,0,1,21.269975,81.611062
Gudhiyari,05.06.2019 20:30,05-06-19,20:30,Street,5,0,1,21.253786,81.624455
Gudhiyari,05.06.2019 20:30,05-06-19,20:30,Street,5,0,1,21.253786,81.624455
Gudhiyari,07.06.2019 22:00,07-06-19,22:00,Street,5,0,1,21.253786,81.624455
Gudhiyari,17.06.2019 21:00,17-06-19,21:00,Street,5,0,1,21.253786,81.624455
Gudhiyari,21.06.2019 20:00,21-06-19,20:00,Street,5,0,1,21.259868,81.621321
Gudhiyari,25.06.2019 11:15,25-06-19,11:15,Street,5,0,1,21.25244,81.624902
Gudhiyari,29.06.2019 16:30,29-06-19,16:30,Street,5,0,1,21.259868,81.621321
Gudhiyari,29.06.2019 16:30,29-06-19,16:30,Street,5,0,1,21.253786,81.624455
Gudhiyari,30.06.2019 20:45,30-06-19,20:45,Street,5,0,1,21.269975,81.611062
Gudhiyari,01.07.2019 22:45,01-07-19,22:45,House,2,0,1,21.257169,81.594172
Gudhiyari,07.07.2019 20:45,07-07-19,20:45,Street,5,0,1,21.257147,81.62782
Gudhiyari,10.07.2019 10:00,10-07-19,10:00,Street,5,0,1,21.252573,81.620979
Gudhiyari,10.07.2019 07:00,10-07-19,7:00,Street,5,0,1,21.269975,81.611062
Gudhiyari,11.07.2019 21:30,11-07-19,21:30,House,2,0,1,21.262703,81.62083
Gudhiyari,14.07.2019 14:00,14-07-19,14:00,House,2,0,1,21.259294,81.627443
Gudhiyari,14.07.2019 14:00,14-07-19,14:00,House,2,0,1,21.259294,81.627443
Gudhiyari,14.07.2019 22:00,14-07-19,22:00,Shop,4,0,1,21.262703,81.62083
Gudhiyari,18.07.2019 21:45,18-07-19,21:45,Street,5,0,1,21.252102,81.617224
Gudhiyari,18.07.2019 23:00,18-07-19,23:00,Street,5,0,1,21.252573,81.620979
Gudhiyari,19.07.2019 11:30,19-07-19,11:30,Street,5,0,1,21.252573,81.620979
Gudhiyari,22.07.2019 16:30,22-07-19,16:30,Street,5,0,1,21.262703,81.62083
Gudhiyari,23.07.2019 17:00,23-07-19,17:00,Street,5,0,1,21.269975,81.611062
Gudhiyari,27.07.2019 20:15,27-07-19,20:15,House,2,0,1,21.252573,81.620979
Gudhiyari,09.08.2019 12:30,09-08-19,12:30,Street,5,0,1,21.253786,81.624455
Gudhiyari,10.08.2019 23:00,10-08-19,23:00,House,2,0,1,21.253786,81.624455
Gudhiyari,13.08.2019 13:30,13-08-19,13:30,Street,5,0,1,21.269975,81.611062
Gudhiyari,16.08.2019 21:30,16-08-19,21:30,Street,5,0,1,21.259294,81.627443
Gudhiyari,17.08.2019 20:30,17-08-19,20:30,Street,5,0,1,21.25244,81.624902
Gudhiyari,25.08.2019 19:30,25-08-19,19:30,Street,5,0,1,21.269975,81.611062
Gudhiyari,24.08.2019 01:00,24-08-19,1:00,Street,5,0,1,21.262703,81.62083
Gudhiyari,25.08.2019 19:30,25-08-19,19:30,Street,5,0,1,21.269975,81.611062
Gudhiyari,31.08.2019 21:30,31-08-19,21:30,Street,5,0,1,21.253786,81.624455
Gudhiyari,31.08.2019 22:30,31-08-19,22:30,Street,5,0,1,21.253786,81.624455
Gudhiyari,01.09.2019 13:50,01-09-19,13:50,Street,5,0,1,21.252102,81.617224
Gudhiyari,01.09.2019 22:10,01-09-19,22:10,Street,5,0,1,21.252102,81.617224
Gudhiyari,01.09.2019 22:10,01-09-19,22:10,Street,5,0,1,21.252102,81.617224
Gudhiyari,09.09.2019 22:00,09-09-19,22:00,Street,5,0,1,21.269975,81.611062
Gudhiyari,13.09.2019 21:00,13-09-19,21:00,Street,5,0,1,21.252573,81.620979
Gudhiyari,15.09.2019 20:00,15-09-19,20:00,Street,5,0,1,21.252573,81.620979
Gudhiyari,15.09.2019 21:30,15-09-19,21:30,Street,5,0,1,21.252102,81.617224
Gudhiyari,15.09.2019 21:30,15-09-19,21:30,Street,5,0,1,21.252102,81.617224
Gudhiyari,17.09.2019 21:30,17-09-19,21:30,House,2,0,1,21.267538,81.622213
Gudhiyari,17.09.2019 21:30,17-09-19,21:30,House,2,0,1,21.267538,81.622213
Gudhiyari,24.09.2019 21:20,24-09-19,21:20,House,2,0,1,21.253786,81.624455
Gudhiyari,30.09.2019 09:00,30-09-19,9:00,Street,5,0,1,21.259294,81.627443
Gudhiyari,01.10.2019 16:15,01-10-19,16:15,House,2,0,1,21.253786,81.624455
Gudhiyari,01.10.2019 17:30,01-10-19,17:30,Street,5,0,1,21.269975,81.611062
Gudhiyari,05.10.2019 12:30,05-10-19,12:30,Street,5,0,1,21.253786,81.624455
Gudhiyari,09.10.2019 18:45,09-10-19,18:45,Street,5,0,1,21.269975,81.611062
Gudhiyari,09.10.2019 23:00,09-10-19,23:00,Street,5,0,1,21.252102,81.617224
Gudhiyari,09.10.2019 23:00,09-10-19,23:00,Street,5,0,1,21.252102,81.617224
Gudhiyari,11.10.2019 19:35,11-10-19,19:35,Street,5,0,1,21.269975,81.611062
Gudhiyari,12.10.2019 16:30,12-10-19,16:30,Street,5,0,1,21.269975,81.611062
Gudhiyari,13.10.2019 19:15,13-10-19,19:15,Street,5,0,1,21.269975,81.611062
Gudhiyari,14.10.2019 17:00,14-10-19,17:00,Street,5,0,1,21.266978,81.617487
Gudhiyari,16.10.2019 19:00,16-10-19,19:00,House,2,0,1,21.257169,81.594172
Gudhiyari,26.10.2019 22:00,26-10-19,22:00,Street,5,0,1,21.263428,81.605081
Gudhiyari,27.10.2019 23:30,27-10-19,23:30,Street,5,0,1,21.253786,81.624455
Gudhiyari,28.10.2019 13:00,28-10-19,13:00,Street,5,0,1,21.253786,81.624455
Gudhiyari,28.10.2019 14:30,28-10-19,14:30,House,2,0,1,21.252102,81.617224
Gudhiyari,28.10.2019 20:30,28-10-19,20:30,Street,5,0,1,21.259294,81.627443
Gudhiyari,29.10.2019 17:00,29-10-19,17:00,Street,5,0,1,21.252102,81.617224
Gudhiyari,30.10.2019 20:00,30-10-19,20:00,Street,5,0,1,21.253786,81.624455
Gudhiyari,03.11.2019 14:00,03-11-19,14:00,House,2,0,1,21.25244,81.624902
Gudhiyari,03.11.2019 20:45,03-11-19,20:45,Street,5,0,1,21.259294,81.627443
Gudhiyari,04.11.2019 13:00,04-11-19,13:00,Street,5,0,1,21.266978,81.617487
Gudhiyari,06.11.2019 17:30,06-11-19,17:30,Street,5,0,1,21.252573,81.620979
Gudhiyari,09.11.2019 20:23,09-11-19,20:23,Street,5,0,1,21.260127,81.623618
Gudhiyari,11.11.2019 18:30,11-11-19,18:30,Street,5,0,1,21.252102,81.617224
Gudhiyari,24.11.2019 07:00,24-11-19,7:00,Street,5,0,1,21.262703,81.62083
Gudhiyari,30.11.2019 21:00,30-11-19,21:00,Street,5,0,1,21.257147,81.62782
Gudhiyari,03.12.2019 20:30,03-12-19,20:30,House,2,0,1,21.269975,81.611062
Gudhiyari,05.12.2019 00:10,05-12-19,0:10,House,2,0,1,21.25244,81.624902
Gudhiyari,09.12.2019 18:30,09-12-19,18:30,Street,5,0,1,21.253786,81.624455
Gudhiyari,13.12.2019 20:00,13-12-19,20:00,Street,5,0,1,21.258512,81.670517
Gudhiyari,15.12.2019 21:00,15-12-19,21:00,Street,5,0,1,21.253786,81.624455
Gudhiyari,16.12.2019 22:00,16-12-19,22:00,Street,5,0,1,21.260139,81.623611
Gudhiyari,25.12.2019 21:00,25-12-19,21:00,Street,5,0,1,21.260139,81.623611
Khamtarai,11.01.2019 01:00,11-01-19,1:00,Street,5,0,1,21.313972,81.639323
Khamtarai,11.01.2019 19:00,11-01-19,19:00,Street,5,0,1,21.281536,81.609857
Khamtarai,12.01.2019 20:30,12-01-19,20:30,Street,5,0,1,21.28685,81.63509
Khamtarai,15.01.2019 10:00,15-01-19,10:00,Street,5,0,1,21.290146,81.640373
Khamtarai,16.01.2019 13:54,16-01-19,13:54,Street,5,0,1,21.29071,81.635665
Khamtarai,18.01.2019 20:30,18-01-19,20:30,Street,5,0,1,21.28685,81.63509
Khamtarai,22.01.2019 09:15,22-01-19,9:15,Street,5,0,1,21.276503,81.636377
Khamtarai,31.01.2019 21:00,31-01-19,21:00,Street,5,0,1,21.276503,81.636377
Khamtarai,02.02.2019 02:00,02-02-19,2:00,Street,5,0,1,21.263725,81.639253
Khamtarai,10.02.2019 08:00,10-02-19,8:00,Street,5,0,1,21.272755,81.633194
Khamtarai,14.02.2019 23:00,14-02-19,23:00,Street,5,0,1,21.300184,81.62803
Khamtarai,25.02.2019 10:45,25-02-19,10:45,Street,5,0,1,21.285586,81.618263
Khamtarai,10.03.2019 17:00,10-03-19,17:00,Street,5,0,1,21.323082,81.635566
Khamtarai,14.03.2019 19:30,14-03-19,19:30,Street,5,0,1,21.271478,81.642829
Khamtarai,17.03.2019 18:00,17-03-19,18:00,Street,5,0,1,21.271478,81.642829
Khamtarai,18.03.2019 21:30,18-03-19,21:30,Street,5,0,1,21.300184,81.62803
Khamtarai,21.03.2019 04:30,21-03-19,4:30,Street,5,0,1,21.313972,81.639323
Khamtarai,22.03.2019 22:00,22-03-19,22:00,Street,5,0,1,21.291766,81.6376
Khamtarai,22.03.2019 23:00,22-03-19,23:00,Street,5,0,1,21.317071,81.623763
Khamtarai,25.03.2019 15:00,25-03-19,15:00,Street,5,0,1,21.271478,81.642829
Khamtarai,25.03.2019 10:30,25-03-19,10:30,Street,5,0,1,21.324939,81.636576
Khamtarai,09.04.2019 17:35,09-04-19,17:35,Street,5,0,1,21.263725,81.639253
Khamtarai,13.04.2019 23:30,13-04-19,23:30,Street,5,0,1,21.323082,81.635566
Khamtarai,16.04.2019 16:15,16-04-19,16:15,Street,5,0,1,21.313077,81.637647
Khamtarai,16.04.2019 16:00,16-04-19,16:00,Street,5,0,1,21.313077,81.637647
Khamtarai,16.04.2019 20:00,16-04-19,20:00,Street,5,0,1,21.313972,81.639323
Khamtarai,18.04.2019 23:30,18-04-19,23:30,Street,5,0,1,21.289591,81.640202
Khamtarai,24.02.2019 22:00,24-02-19,22:00,Street,5,0,1,21.273232,81.63619
Khamtarai,25.04.2019 22:00,25-04-19,22:00,Street,5,0,1,21.273232,81.63619
Khamtarai,25.04.2019 15:00,25-04-19,15:00,Street,5,0,1,21.275598,81.63312
Khamtarai,28.04.2019 19:00,28-04-19,19:00,Street,5,0,1,21.31041,81.656103
Khamtarai,29.04.2019 02:00,29-04-19,2:00,Street,5,0,1,21.28685,81.63509
Khamtarai,01.05.2019 21:30,01-05-19,21:30,Street,5,0,1,21.289763,81.63803
Khamtarai,02.05.2019 08:20,02-05-19,8:20,Street,5,0,1,21.291766,81.6376
Khamtarai,02.05.2019 11:00,02-05-19,11:00,Street,5,0,1,21.272589,81.627061
Khamtarai,07.05.2019 11:00,07-05-19,11:00,Street,5,0,1,21.263725,81.639253
Khamtarai,08.05.2019 20:15,08-05-19,20:15,Street,5,0,1,21.315235,81.638337
Khamtarai,19.05.2019 15:00,19-05-19,15:00,Street,5,0,1,21.291046,81.637044
Khamtarai,27.05.2019 00:15,27-05-19,0:15,Street,5,0,1,21.282116,81.644077
Khamtarai,29.05.2019 08:30,29-05-19,8:30,Street,5,0,1,21.28685,81.63509
Khamtarai,02.06.2019 11:45,02-06-19,11:45,Street,5,0,1,21.313972,81.639323
Khamtarai,09.06.2019 13:30,09-06-19,13:30,Street,5,0,1,21.292515,81.639213
Khamtarai,14.06.2019 05:00,14-06-19,5:00,Street,5,0,1,21.289591,81.640202
Khamtarai,14.06.2019 22:00,14-06-19,22:00,Street,5,0,1,21.31041,81.656103
Khamtarai,14.06.2019 22:30,14-06-19,22:30,Street,5,0,1,21.28685,81.63509
Khamtarai,18.06.2019 19:00,18-06-19,19:00,Street,5,0,1,21.263725,81.639253
Khamtarai,23.06.2019 08:45,23-06-19,8:45,Street,5,0,1,21.324939,81.636576
Khamtarai,24.06.2019 16:30,24-06-19,16:30,Street,5,0,1,21.323082,81.635566
Khamtarai,24.06.2019 16:30,24-06-19,16:30,Street,5,0,1,21.323082,81.635566
Khamtarai,23.06.2019 20:00,23-06-19,20:00,Street,5,0,1,21.28895,81.644393
Khamtarai,27.06.2019 09:00,27-06-19,9:00,Street,5,0,1,21.289763,81.63803
Khamtarai,07.07.2019 21:30,07-07-19,21:30,Street,5,0,1,21.313972,81.639323
Khamtarai,09.07.2019 13:00,09-07-19,13:00,Street,5,0,1,21.292515,81.639213
Khamtarai,12.07.2019 17:30,12-07-19,17:30,Street,5,0,1,21.263725,81.639253
Khamtarai,12.07.2019 17:30,12-07-19,17:30,Street,5,0,1,21.263725,81.639253
Khamtarai,15.07.2019 13:30,15-07-19,13:30,House,2,0,1,21.319776,81.628485
Khamtarai,15.07.2019 17:30,15-07-19,17:30,Street,5,0,1,21.304486,81.634973
Khamtarai,16.07.2019 09:30,16-07-19,9:30,Street,5,0,1,21.323082,81.635566
Khamtarai,20.07.2019 07:30,20-07-19,7:30,Street,5,0,1,21.285361,81.641184
Khamtarai,24.07.2019 06:00,24-07-19,6:00,Street,5,0,1,21.289326,81.640478
Khamtarai,12.06.2019 22:30,12-06-19,22:30,Street,5,0,1,21.276356,81.629057
Khamtarai,27.07.2019 22:30,27-07-19,22:30,Street,5,0,1,21.276356,81.629057
Khamtarai,01.08.2019 15:00,01-08-19,15:00,Street,5,0,1,21.282116,81.644077
Khamtarai,08.08.2019 08:00,08-08-19,8:00,Street,5,0,1,21.275767,81.621711
Khamtarai,04.08.2019 17:30,04-08-19,17:30,Street,5,0,1,21.324939,81.636576
Khamtarai,04.08.2019 19:00,04-08-19,19:00,Street,5,0,1,21.313972,81.639323
Khamtarai,05.08.2019 22:10,05-08-19,22:10,Street,5,0,1,21.263725,81.639253
Khamtarai,08.08.2019 08:00,08-08-19,8:00,Street,5,0,1,21.275767,81.621711
Khamtarai,11.08.2019 20:30,11-08-19,20:30,Street,5,0,1,21.291046,81.637044
Khamtarai,17.08.2019 21:40,17-08-19,21:40,Street,5,0,1,21.263725,81.639253
Khamtarai,18.08.2019 18:00,18-08-19,18:00,Street,5,0,1,21.31041,81.656103
Khamtarai,18.08.2019 18:00,18-08-19,18:00,Street,5,0,1,21.31041,81.656103
Khamtarai,18.08.2019 23:00,18-08-19,23:00,Street,5,0,1,21.263725,81.639253
Khamtarai,20.08.2019 23:55,20-08-19,23:55,House,2,0,1,21.324939,81.636576
Khamtarai,24.08.2019 23:10,24-08-19,23:10,Street,5,0,1,21.302754,81.630035
Khamtarai,14.08.2019 22:00,14-08-19,22:00,House,2,0,1,21.289405,81.642649
Khamtarai,30.08.2019 19:45,30-08-19,19:45,House,2,0,1,21.292515,81.639213
Khamtarai,30.08.2019 20:00,30-08-19,20:00,House,2,0,1,21.304525,81.648762
Khamtarai,30.08.2019 19:30,30-08-19,19:30,House,2,0,1,21.292515,81.639213
Khamtarai,31.08.2019 00:40,31-08-19,0:40,Street,5,0,1,21.295363,81.636944
Khamtarai,01.09.2019 20:10,01-09-19,20:10,Street,5,0,1,21.275767,81.621711
Khamtarai,07.09.2019 14:30,07-09-19,14:30,Street,5,0,1,21.31041,81.656103
Khamtarai,08.09.2019 21:30,08-09-19,21:30,Street,5,0,1,21.263725,81.639253
Khamtarai,12.09.2019 13:30,12-09-19,13:30,Street,5,0,1,21.290146,81.640373
Khamtarai,18.09.2019 23:00,18-09-19,23:00,Street,5,0,1,21.281536,81.609857
Khamtarai,23.09.2019 10:45,23-09-19,10:45,Street,5,0,1,21.275598,81.63312
Khamtarai,28.09.2019 00:20,28-09-19,0:20,Street,5,0,1,21.295363,81.636944
Khamtarai,01.10.2019 21:00,01-10-19,21:00,Street,5,0,1,21.31041,81.656103
Khamtarai,08.10.2019 00:20,08-10-19,0:20,Street,5,0,1,21.263725,81.639253
Khamtarai,08.10.2019 02:30,08-10-19,2:30,Street,5,0,1,21.271488,81.642872
Khamtarai,10.10.2019 08:30,10-10-19,8:30,Street,5,0,1,21.266418,81.637125
Khamtarai,10.10.2019 03:30,10-10-19,3:30,House,2,0,1,21.342178,81.654945
Khamtarai,13.10.2019 10:00,13-10-19,10:00,Street,5,0,1,21.291046,81.637044
Khamtarai,16.10.2019 20:30,16-10-19,20:30,Street,5,0,1,21.295886,81.64746
Khamtarai,17.10.2019 22:45,17-10-19,22:45,Street,5,0,1,21.323082,81.635566
Khamtarai,22.10.2019 05:00,22-10-19,5:00,Street,5,0,1,21.31041,81.656103
Khamtarai,23.10.2019 22:15,23-10-19,22:15,Street,5,0,1,21.302754,81.630035
Khamtarai,26.10.2019 21:00,26-10-19,21:00,Street,5,0,1,21.309196,81.647144
Khamtarai,27.10.2019 04:00,27-10-19,4:00,Street,5,0,1,21.308306,81.636249
Khamtarai,28.10.2019 12:30,28-10-19,12:30,Street,5,0,1,21.280983,81.637761
Khamtarai,28.10.2019 19:00,28-10-19,19:00,Street,5,0,1,21.290146,81.640373
Khamtarai,28.10.2019 20:30,28-10-19,20:30,Street,5,0,1,21.313178,81.637617
Khamtarai,30.10.2019 23:15,30-10-19,23:15,Street,5,0,1,21.291766,81.6376
Khamtarai,30.10.2019 04:10,30-10-19,4:10,Street,5,0,1,21.289422,81.660032
Khamtarai,03.11.2019 21:40,03-11-19,21:40,Street,5,0,1,21.27134,81.636599
Khamtarai,04.11.2019 20:30,04-11-19,20:30,Street,5,0,1,21.292515,81.639213
Khamtarai,05.11.2019 16:30,05-11-19,16:30,Street,5,0,1,21.289405,81.642649
Khamtarai,17.11.2019 11:30,17-11-19,11:30,Street,5,0,1,21.323082,81.635566
Khamtarai,17.11.2019 11:30,17-11-19,11:30,Street,5,0,1,21.323082,81.635566
Khamtarai,19.11.2019 20:30,19-11-19,20:30,Street,5,0,1,21.272589,81.627061
Khamtarai,20.11.2019 20:00,20-11-19,20:00,Street,5,0,1,21.308306,81.636249
Khamtarai,29.11.2019 22:00,29-11-19,22:00,Street,5,0,1,21.305864,81.633949
Khamtarai,06.12.2019 18:30,06-12-19,18:30,Street,5,0,1,21.307354,81.651386
Khamtarai,07.12.2019 19:30,07-12-19,19:30,Street,5,0,1,21.315235,81.638337
Khamtarai,10.12.2019 21:00,10-12-19,21:00,Street,5,0,1,21.313239,81.638096
Khamtarai,10.12.2019 21:00,10-12-19,21:00,Street,5,0,1,21.313239,81.638096
Khamtarai,10.12.2019 21:45,10-12-19,21:45,Street,5,0,1,21.262269,81.654322
Khamtarai,13.12.2019 19:30,13-12-19,19:30,Street,5,0,1,21.313972,81.639323
Khamtarai,19.12.2019 17:10,19-12-19,17:10,Street,5,0,1,21.289763,81.63803
Khamtarai,19.12.2019 19:00,19-12-19,19:00,Street,5,0,1,21.289405,81.642649
Khamtarai,21.12.2019 02:00,21-12-19,2:00,Street,5,0,1,21.289761,81.637577
Khamtarai,22.12.2019 15:00,22-12-19,15:00,Street,5,0,1,21.276509,81.643974
Khamtarai,22.12.2019 19:30,22-12-19,19:30,Street,5,0,1,21.276074,81.640406
Khamtarai,22.12.2019 20:30,22-12-19,20:30,Street,5,0,1,21.280983,81.637761
Khamtarai,26.12.2019 20:30,26-12-19,20:30,Street,5,0,1,21.276074,81.640406
Khamtarai,28.12.2019 23:30,28-12-19,23:30,Street,5,0,1,21.313972,81.639323
Khamtarai,02.09.2019 02:00,02-09-19,2:00,House,2,1,0,21.278233,81.639456
Khamtarai,03.11.2019 23:45,03-11-19,23:45,Office,3,1,0,21.284076,81.64052
Khamtarai,20.09.2019 12:45,20-09-19,12:45,Street,5,1,0,21.294442,81.644267
Khamtarai,10.07.2019 12:45,10-07-19,12:45,Shop,4,1,0,21.271797,81.626209
Khamtarai,03.01.2019 01:00,03-01-19,1:00,Street,5,1,0,21.281436,81.635103
Khamtarai,03.02.2019 09:40,03-02-19,9:40,Street,5,1,0,21.279981,81.606429
Khamtarai,29.08.2019 18:30,29-08-19,18:30,Street,5,1,0,21.30503,81.635495
Khamtarai,09.09.2019 15:15,09-09-19,15:15,Street,5,1,0,21.291211,81.63969
Khamtarai,10.09.2019 13:30,10-09-19,13:30,Street,5,1,0,21.289664,81.64522
Khamtarai,08.09.2019 18:00,08-09-19,18:00,Street,5,1,0,21.308419,81.636407
Khamtarai,11.12.2019 19:35,11-12-19,19:35,Street,5,1,0,21.283035,81.623442
Khamtarai,30.12.2019 16:00,30-12-19,16:00,Street,5,1,0,21.264705,81.636442
Khamtarai,14.10.2019 19:30,14-10-19,19:30,Office,3,1,0,21.30852,81.65412
Khamtarai,05.11.2019 14:30,05-11-19,14:30,Office,3,1,0,21.272702,81.630622
Khamtarai,02.12.2019 03:00,02-12-19,3:00,Shop,4,1,0,21.289348,81.639544
Khamtarai,12.06.2019 21:30,12-06-19,21:30,House,2,1,0,21.29644,81.649392
Khamtarai,03.01.2019 03:00,03-01-19,3:00,House,2,1,0,21.283453,81.669646
Khamtarai,10.02.2019 09:00,10-02-19,9:00,House,2,1,0,21.309589,81.655214
Khamtarai,22.10.2019 19:25,22-10-19,19:25,Street,5,1,0,21.284154,81.635905
Khamtarai,02.09.2019 01:00,02-09-19,1:00,House,2,1,0,21.293823,81.637692
Khamtarai,12.04.2019 00:10,12-04-19,0:10,House,2,1,0,21.274751,81.628828
Khamtarai,12.03.2019 03:00,12-03-19,3:00,House,2,1,0,21.280014,81.630454
Khamtarai,22.04.2019 21:00,22-04-19,21:00,Street,5,1,0,21.276497,81.636404
Khamtarai,07.05.2019 22:30,07-05-19,22:30,Street,5,1,0,21.314827,81.66133
Khamtarai,29.06.2019 00:01,29-06-19,0:01,House,2,1,0,21.270516,81.645133
Khamtarai,28.06.2019 02:00,28-06-19,2:00,House,2,1,0,21.271797,81.626209
Khamtarai,27.07.2019 02:00,27-07-19,2:00,House,2,1,0,21.27389,81.63007
Khamtarai,18.09.2019 11:00,18-09-19,11:00,House,2,1,0,21.279677,81.620288
Khamtarai,31.10.2019 00:01,31-10-19,0:01,House,2,1,0,21.272392,81.628752
Khamtarai,16.11.2019 01:00,16-11-19,1:00,House,2,1,0,21.275838,81.628482
Khamtarai,24.11.2019 21:30,24-11-19,21:30,House,2,1,0,21.274575,81.617719
Khamtarai,08.12.2019 02:00,08-12-19,2:00,House,2,1,0,21.271629,81.628418
Khamtarai,12.12.2019 23:30,12-12-19,23:30,House,2,1,0,21.273719,81.629952
Khamtarai,18.07.2019 14:30,18-07-19,14:30,Office,3,1,0,21.313464,81.640659
Khamtarai,04.01.2019 07:00,04-01-19,7:00,Street,5,1,0,21.2907,81.637148
Khamtarai,03.01.2019 07:30,03-01-19,7:30,House,2,1,0,21.27258,81.627034
Khamtarai,02.01.2019 01:00,02-01-19,1:00,Street,5,1,0,21.313619,81.639213
Khamtarai,07.01.2019 22:00,07-01-19,22:00,Street,5,1,0,21.325315,81.647557
Khamtarai,29.12.2019 19:30,29-12-19,19:30,Street,5,1,0,21.313386,81.639522
Khamtarai,15.01.2019 23:05,15-01-19,23:05,Street,5,1,0,21.276774,81.634032
Khamtarai,27.01.2019 07:30,27-01-19,7:30,Street,5,1,0,21.290138,81.640946
Khamtarai,29.01.2019 19:30,29-01-19,19:30,Street,5,1,0,21.271286,81.640072
Khamtarai,21.01.2019 02:00,21-01-19,2:00,Street,5,1,0,21.293241,81.636776
Khamtarai,06.02.2019 03:00,06-02-19,3:00,Street,5,1,0,21.274597,81.631444
Khamtarai,03.02.2019 10:00,03-02-19,10:00,Street,5,1,0,21.290888,81.636521
Khamtarai,15.03.2019 06:30,15-03-19,6:30,Street,5,1,0,21.278573,81.641378
Khamtarai,25.03.2019 02:30,25-03-19,2:30,Street,5,1,0,21.303296,81.65623
Khamtarai,25.04.2019 19:30,25-04-19,19:30,Street,5,1,0,21.313336,81.639357
Khamtarai,24.04.2019 15:00,24-04-19,15:00,Street,5,1,0,21.291266,81.617822
Khamtarai,26.04.2019 21:00,26-04-19,21:00,Street,5,1,0,21.32334,81.635696
Khamtarai,08.05.2019 08:30,08-05-19,8:30,Street,5,1,0,21.306149,81.634407
Khamtarai,27.04.2019 17:15,27-04-19,17:15,Street,5,1,0,21.291433,81.636207
Khamtarai,10.05.2019 02:00,10-05-19,2:00,Street,5,1,0,21.304504,81.648847
Khamtarai,14.05.2019 19:00,14-05-19,19:00,Street,5,1,0,21.286569,81.618729
Khamtarai,06.04.2019 18:00,06-04-19,18:00,Street,5,1,0,21.27623,81.641763
Khamtarai,12.05.2019 11:00,12-05-19,11:00,Street,5,1,0,21.313233,81.63959
Khamtarai,21.05.2019 20:00,21-05-19,20:00,Street,5,1,0,21.313848,81.639803
Khamtarai,28.05.2019 06:00,28-05-19,6:00,Street,5,1,0,21.284892,81.616414
Khamtarai,09.06.2019 21:05,09-06-19,21:05,Street,5,1,0,21.291467,81.636216
Khamtarai,17.06.2019 12:30,17-06-19,12:30,Street,5,1,0,21.317742,81.634996
Khamtarai,28.06.2019 14:55,28-06-19,14:55,Street,5,1,0,21.323413,81.633663
Khamtarai,27.06.2019 19:30,27-06-19,19:30,Street,5,1,0,21.291467,81.636216
Khamtarai,11.06.2019 17:00,11-06-19,17:00,Street,5,1,0,21.291467,81.636216
Khamtarai,20.07.2019 14:00,20-07-19,14:00,Street,5,1,0,21.313243,81.637794
Khamtarai,20.07.2019 01:45,20-07-19,1:45,House,2,1,0,21.264195,81.64201
Khamtarai,03.09.2019 14:30,03-09-19,14:30,Street,5,1,0,21.297498,81.63637
Khamtarai,03.09.2019 04:00,03-09-19,4:00,House,2,1,0,21.264944,81.631326
Khamtarai,27.08.2019 03:00,27-08-19,3:00,Street,5,1,0,21.313032,81.637694
Khamtarai,15.09.2019 03:30,15-09-19,3:30,House,2,1,0,21.26251,81.643437
Khamtarai,14.09.2019 19:30,14-09-19,19:30,Street,5,1,0,21.278828,81.63483
Khamtarai,23.09.2019 22:00,23-09-19,22:00,Street,5,1,0,21.313373,81.639194
Khamtarai,01.10.2019 15:30,01-10-19,15:30,Street,5,1,0,21.291193,81.636254
Khamtarai,08.10.2019 16:30,08-10-19,16:30,Street,5,1,0,21.304754,81.636211
Khamtarai,29.09.2019 13:15,29-09-19,13:15,Street,5,1,0,21.313773,81.639511
Khamtarai,12.10.2019 20:30,12-10-19,20:30,Street,5,1,0,21.27992,81.639283
Khamtarai,14.10.2019 03:00,14-10-19,3:00,Street,5,1,0,21.282037,81.612089
Khamtarai,14.10.2019 01:30,14-10-19,1:30,House,2,1,0,21.278715,81.646333
Khamtarai,17.11.2019 17:35,17-11-19,17:35,Street,5,1,0,21.267601,81.63661
Khamtarai,25.11.2019 19:00,25-11-19,19:00,House,2,1,0,21.271443,81.641588
Khamtarai,23.11.2019 11:00,23-11-19,11:00,Street,5,1,0,21.313167,81.637822
Khamtarai,19.11.2019 18:00,19-11-19,18:00,Street,5,1,0,21.308502,81.636753
Khamtarai,08.12.2019 20:55,08-12-19,20:55,Street,5,1,0,21.308871,81.636584
Khamtarai,25.05.2019 20:30,25-05-19,20:30,Street,5,1,0,21.284191,81.635009
Khamtarai,05.04.2019 00:01,05-04-19,0:01,House,2,1,0,21.313314,81.642731
Gudhiyari,02.01.2019 03:00,02-01-19,3:00,House,2,1,0,21.263506,81.621996
Gudhiyari,27.01.2019 01:00,27-01-19,1:00,House,2,1,0,21.27938,81.609601
Gudhiyari,20.01.2019 15:15,20-01-19,15:15,Street,5,1,0,21.259294,81.627361
Gudhiyari,01.04.2019 15:15,01-04-19,15:15,House,2,1,0,21.251297,81.630662
Gudhiyari,17.04.2019 20:30,17-04-19,20:30,Street,5,1,0,21.252791,81.617385
Gudhiyari,10.05.2019 02:00,10-05-19,2:00,House,2,1,0,21.250517,81.618734
Gudhiyari,07.05.2019 03:00,07-05-19,3:00,House,2,1,0,21.253532,81.624565
Gudhiyari,26.06.2019 01:00,26-06-19,1:00,House,2,1,0,21.264643,81.619698
Gudhiyari,23.07.2019 03:00,23-07-19,3:00,House,2,1,0,21.253427,81.617323
Gudhiyari,26.07.2019 07:30,26-07-19,7:30,House,2,1,0,21.26555,81.621386
Gudhiyari,19.09.2019 03:00,19-09-19,3:00,House,2,1,0,21.264296,81.613886
Gudhiyari,13.09.2019 12:00,13-09-19,12:00,Shop,4,1,0,21.253263,81.624572
Gudhiyari,28.10.2019 04:00,28-10-19,4:00,Street,5,1,0,21.269647,81.619709
Gudhiyari,08.01.2019 15:30,08-01-19,15:30,House,2,1,0,21.263666,81.630129
Gudhiyari,08.01.2019 01:00,08-01-19,1:00,Hospital ,1,1,0,21.258267,81.605932
Gudhiyari,14.04.2019 02:00,14-04-19,2:00,Office,3,1,0,21.258446,81.622938
Gudhiyari,28.01.2019 03:00,28-01-19,3:00,Shop,4,1,0,21.260712,81.642226
Gudhiyari,03.04.2019 09:30,03-04-19,9:30,Street,5,1,0,21.261695,81.620303
Gudhiyari,03.08.2019 03:00,03-08-19,3:00,Office,3,1,0,21.260077,81.624704
Gudhiyari,02.10.2019 17:15,02-10-19,17:15,Street,5,1,0,21.26214,81.621306
Gudhiyari,09.01.2019 00:00,09-01-19,0:00,House,2,1,0,21.268681,81.605515
Gudhiyari,16.03.2019 16:50,16-03-19,16:50,Street,5,1,0,21.251059,81.619318
Gudhiyari,16.05.2019 02:00,16-05-19,2:00,Street,5,1,0,21.264172,81.614808
Gudhiyari,27.05.2019 03:00,27-05-19,3:00,Shop,4,1,0,21.272887,81.6118
Gudhiyari,15.06.2019 02:30,15-06-19,2:30,House,2,1,0,21.268215,81.630696
Gudhiyari,17.06.2019 15:00,17-06-19,15:00,House,2,1,0,21.260866,81.623058
Gudhiyari,29.07.2019 01:00,29-07-19,1:00,Shop,4,1,0,21.273484,81.621959
Gudhiyari,01.08.2019 02:00,01-08-19,2:00,House,2,1,0,21.267088,81.617599
Gudhiyari,10.09.2019 01:30,10-09-19,1:30,House,2,1,0,21.265537,81.61238
Gudhiyari,29.09.2019 02:00,29-09-19,2:00,Shop,4,1,0,21.286507,81.64168
Gudhiyari,30.09.2019 17:45,30-09-19,17:45,Street,5,1,0,21.254489,81.630126
Gudhiyari,24.03.2019 23:00,24-03-19,23:00,House,2,1,0,21.267492,81.615653
Gudhiyari,22.05.2019 03:00,22-05-19,3:00,House,2,1,0,21.265435,81.62166
Gudhiyari,19.08.2019 02:00,19-08-19,2:00,House,2,1,0,21.263376,81.615371
Gudhiyari,01.09.2019 01:00,01-09-19,1:00,House,2,1,0,21.26943,81.617282
Gudhiyari,06.01.2019 18:00,06-01-19,18:00,Street,5,1,0,21.259499,81.627528
Gudhiyari,24.01.2019 02:00,24-01-19,2:00,Street,5,1,0,21.255304,81.626324
Gudhiyari,21.01.2019 18:20,21-01-19,18:20,Street,5,1,0,21.25064,81.619111
Gudhiyari,07.02.2019 03:00,07-02-19,3:00,Street,5,1,0,21.267375,81.614092
Gudhiyari,11.02.2019 10:00,11-02-19,10:00,Street,5,1,0,21.266714,81.618623
Gudhiyari,08.04.2019 14:35,08-04-19,14:35,Street,5,1,0,21.263865,81.614147
Gudhiyari,28.04.2019 02:00,28-04-19,2:00,Street,5,1,0,21.252158,81.617726
Gudhiyari,12.05.2019 21:45,12-05-19,21:45,Street,5,1,0,21.264979,81.616128
Gudhiyari,10.05.2019 21:15,10-05-19,21:15,Street,5,1,0,21.259945,81.628342
Gudhiyari,15.06.2019 20:00,15-06-19,20:00,Street,5,1,0,21.26026,81.624816
Gudhiyari,23.05.2019 13:45,23-05-19,13:45,House,2,1,0,21.264933,81.619006
Gudhiyari,19.06.2019 02:15,19-06-19,2:15,Street,5,1,0,21.258567,81.62283
Gudhiyari,26.07.2019 23:56,26-07-19,23:56,Street,5,1,0,21.25156,81.624359
Gudhiyari,09.08.2019 19:00,09-08-19,19:00,Street,5,1,0,21.267288,81.613621
Gudhiyari,22.08.2019 03:00,22-08-19,3:00,Street,5,1,0,21.275449,81.604262
Gudhiyari,10.09.2019 08:05,10-09-19,8:05,Street,5,1,0,21.259661,81.628095
Gudhiyari,30.09.2019 02:00,30-09-19,2:00,Street,5,1,0,21.259485,81.617538
Gudhiyari,01.10.2019 03:00,01-10-19,3:00,Street,5,1,0,21.251483,81.615661
Gudhiyari,09.10.2019 01:00,09-10-19,1:00,Street,5,1,0,21.263898,81.615062
Gudhiyari,07.11.2019 21:35,07-11-19,21:35,Street,5,1,0,21.259864,81.627275
Gudhiyari,05.11.2019 03:00,05-11-19,3:00,House,2,1,0,21.271601,81.608944
Gudhiyari,20.11.2019 11:00,20-11-19,11:00,Street,5,1,0,21.251912,81.63061
Gudhiyari,27.11.2019 20:00,27-11-19,20:00,Street,5,1,0,21.262035,81.619865
Gudhiyari,07.12.2019 23:00,07-12-19,23:00,Street,5,1,0,21.270039,81.631161
Gudhiyari,08.12.2019 05:45,08-12-19,5:45,Street,5,1,0,21.259164,81.623497
Gudhiyari,10.12.2019 12:30,10-12-19,12:30,Street,5,1,0,21.26783,81.615851
Gudhiyari,05.12.2019 14:45,05-12-19,14:45,Street,5,1,0,21.265081,81.621552
Kotwali,02.01.2019 16:45,02-01-19,16:45,Street,5,1,0,21.230104,81.639807
Kotwali,03.01.2019 19:30,03-01-19,19:30,Street,5,1,0,21.230104,81.639807
Kotwali,09.01.2019 12:15,09-01-19,12:15,Street,5,1,0,21.241197,81.640232
Kotwali,11.01.2019 13:30,11-01-19,13:30,Street,5,1,0,21.236279,81.640042
Kotwali,09.01.2019 11:00,09-01-19,11:00,House,2,1,0,21.224737,81.64893
Kotwali,12.01.2019 16:20,12-01-19,16:20,Shop,4,1,0,21.237736,81.634388
Kotwali,12.01.2019 16:15,12-01-19,16:15,Street,5,1,0,21.230104,81.639807
Kotwali,16.01.2019 19:15,16-01-19,19:15,Street,5,1,0,21.230104,81.639807
Kotwali,18.01.2019 14:15,18-01-19,14:15,Street,5,1,0,21.23575,81.641405
Kotwali,14.01.2019 09:15,14-01-19,9:15,House,2,1,0,21.234024,81.639729
Kotwali,19.01.2019 02:00,19-01-19,2:00,Street,5,1,0,21.237673,81.63804
Kotwali,21.01.2019 12:30,21-01-19,12:30,Street,5,1,0,21.234552,81.638863
Kotwali,29.01.2019 19:15,29-01-19,19:15,Street,5,1,0,21.230104,81.639807
Kotwali,30.01.2019 16:30,30-01-19,16:30,Street,5,1,0,21.22278,81.649206
Kotwali,01.02.2019 12:00,01-02-19,12:00,Street,5,1,0,21.233977,81.646745
Kotwali,03.02.2019 05:30,03-02-19,5:30,House,2,1,0,21.222572,81.650411
Kotwali,04.02.2019 12:20,04-02-19,12:20,Street,5,1,0,21.2379,81.635313
Kotwali,03.02.2019 02:30,03-02-19,2:30,House,2,1,0,21.222572,81.650411
Kotwali,05.02.2019 15:15,05-02-19,15:15,Street,5,1,0,21.236279,81.640042
Kotwali,26.01.2019 12:15,26-01-19,12:15,Street,5,1,0,21.231207,81.64289
Kotwali,08.02.2019 01:30,08-02-19,1:30,Street,5,1,0,21.229152,81.637892
Kotwali,07.02.2019 20:30,07-02-19,20:30,Street,5,1,0,21.230104,81.639807
Kotwali,11.02.2019 07:15,11-02-19,7:15,House,2,1,0,21.223705,81.6516
Kotwali,12.01.2019 09:00,12-01-19,9:00,House,2,1,0,21.225942,81.650249
Kotwali,14.02.2019 14:30,14-02-19,14:30,Street,5,1,0,21.239852,81.636599
Kotwali,21.02.2019 21:15,21-02-19,21:15,Street,5,1,0,21.24061,81.638991
Kotwali,01.03.2019 21:20,01-03-19,21:20,Street,5,1,0,21.240579,81.641582
Kotwali,15.02.2019 08:45,15-02-19,8:45,Street,5,1,0,21.23737,81.654494
Kotwali,04.03.2019 19:45,04-03-19,19:45,Street,5,1,0,21.235634,81.633335
Kotwali,07.03.2019 14:30,07-03-19,14:30,Street,5,1,0,21.237531,81.644237
Kotwali,18.02.2019 20:30,18-02-19,20:30,Street,5,1,0,21.236279,81.640042
Kotwali,04.03.2019 21:45,04-03-19,21:45,Street,5,1,0,21.237361,81.637361
Kotwali,08.03.2019 17:30,08-03-19,17:30,Street,5,1,0,21.221873,81.647828
Kotwali,09.03.2019 19:30,09-03-19,19:30,Street,5,1,0,21.229908,81.641312
Kotwali,10.03.2019 15:30,10-03-19,15:30,Street,5,1,0,21.234552,81.638863
Kotwali,11.03.2019 15:15,11-03-19,15:15,Street,5,1,0,21.236289,81.638062
Kotwali,15.03.2019 05:20,15-03-19,5:20,Street,5,1,0,21.236279,81.640042
Kotwali,17.03.2019 12:30,17-03-19,12:30,Street,5,1,0,21.234552,81.638863
Kotwali,19.03.2019 16:30,19-03-19,16:30,Street,5,1,0,21.235895,81.640706
Kotwali,25.03.2019 07:00,25-03-19,7:00,House,2,1,0,21.231847,81.646026
Kotwali,26.03.2019 18:15,26-03-19,18:15,Street,5,1,0,21.238415,81.635367
Kotwali,26.03.2019 20:30,26-03-19,20:30,Street,5,1,0,21.238676,81.641602
Kotwali,03.04.2019 14:30,03-04-19,14:30,Street,5,1,0,21.225589,81.640586
Kotwali,24.03.2019 14:15,24-03-19,14:15,Street,5,1,0,21.239136,81.638272
Kotwali,07.04.2019 11:30,07-04-19,11:30,Street,5,1,0,21.237909,81.642016
Kotwali,19.03.2019 14:30,19-03-19,14:30,Office,3,1,0,21.234488,81.636061
Kotwali,01.04.2019 08:20,01-04-19,8:20,Street,5,1,0,21.238719,81.641612
Kotwali,06.04.2019 18:30,06-04-19,18:30,Street,5,1,0,21.229736,81.641326
Kotwali,12.03.2019 11:30,12-03-19,11:30,Street,5,1,0,21.234899,81.6369
Kotwali,12.04.2019 01:30,12-04-19,1:30,House,2,1,0,21.236675,81.634284
Kotwali,14.04.2019 12:00,14-04-19,12:00,Shop,4,1,0,21.278144,81.635812
Kotwali,10.04.2019 03:00,10-04-19,3:00,House,2,1,0,21.23353,81.638688
Kotwali,22.04.2019 04:15,22-04-19,4:15,House,2,1,0,21.239122,81.63783
Kotwali,26.04.2019 01:00,26-04-19,1:00,House,2,1,0,21.241376,81.633694
Kotwali,25.04.2019 16:30,25-04-19,16:30,Street,5,1,0,21.222346,81.646658
Kotwali,23.04.2019 09:30,23-04-19,9:30,Street,5,1,0,21.222346,81.646658
Kotwali,06.05.2019 10:30,06-05-19,10:30,Street,5,1,0,21.225593,81.647813
Kotwali,28.04.2019 02:00,28-04-19,2:00,House,2,1,0,21.226259,81.652557
Kotwali,06.05.2019 03:50,06-05-19,3:50,House,2,1,0,21.235317,81.642833
Kotwali,07.05.2019 02:15,07-05-19,2:15,House,2,1,0,21.233943,81.638502
Kotwali,19.05.2019 09:15,19-05-19,9:15,Street,5,1,0,21.233098,81.650233
Kotwali,19.05.2019 20:30,19-05-19,20:30,Street,5,1,0,21.238801,81.634854
Kotwali,22.05.2019 18:30,22-05-19,18:30,Street,5,1,0,21.222476,81.646996
Kotwali,23.05.2019 20:30,23-05-19,20:30,Street,5,1,0,21.239021,81.641376
Kotwali,27.05.2019 19:30,27-05-19,19:30,House,2,1,0,21.235728,81.636869
Kotwali,27.05.2019 18:30,27-05-19,18:30,Office,3,1,0,21.23808,81.635577
Kotwali,02.06.2019 12:20,02-06-19,12:20,Street,5,1,0,21.230104,81.639807
Kotwali,20.05.2019 14:30,20-05-19,14:30,Shop,4,1,0,21.23776,81.640239
Kotwali,07.06.2019 12:30,07-06-19,12:30,Street,5,1,0,21.222147,81.647173
Kotwali,03.06.2019 22:00,03-06-19,22:00,Shop,4,1,0,21.240596,81.638332
Kotwali,04.06.2019 23:45,04-06-19,23:45,Shop,4,1,0,21.239094,81.63832
Kotwali,10.06.2019 14:30,10-06-19,14:30,House,2,1,0,21.231872,81.63841
Kotwali,08.06.2019 19:30,08-06-19,19:30,Street,5,1,0,21.230104,81.639807
Kotwali,06.06.2019 19:15,06-06-19,19:15,Street,5,1,0,21.230104,81.639807
Kotwali,19.06.2019 19:45,19-06-19,19:45,Street,5,1,0,21.221099,81.649698
Kotwali,19.06.2019 14:05,19-06-19,14:05,Street,5,1,0,21.232457,81.643973
Kotwali,22.06.2019 02:00,22-06-19,2:00,Shop,4,1,0,21.238481,81.632321
Kotwali,23.06.2019 14:00,23-06-19,14:00,Street,5,1,0,21.230076,81.638529
Kotwali,23.06.2019 20:00,23-06-19,20:00,Street,5,1,0,21.235558,81.632608
Kotwali,28.06.2019 14:30,28-06-19,14:30,Street,5,1,0,21.221972,81.647372
Kotwali,30.06.2019 20:15,30-06-19,20:15,House,2,1,0,21.224255,81.651119
Kotwali,30.06.2019 14:00,30-06-19,14:00,Street,5,1,0,21.236338,81.637533
Kotwali,30.06.2019 16:15,30-06-19,16:15,Shop,4,1,0,21.238864,81.635503
Kotwali,30.06.2019 16:30,30-06-19,16:30,Street,5,1,0,21.221887,81.647497
Kotwali,02.07.2019 01:30,02-07-19,1:30,Street,5,1,0,21.234133,81.645459
Kotwali,23.04.2019 16:10,23-04-19,16:10,Shop,4,1,0,21.235973,81.638697
Kotwali,04.07.2019 17:00,04-07-19,17:00,Street,5,1,0,21.235943,81.63822
Kotwali,06.07.2019 21:00,06-07-19,21:00,Street,5,1,0,21.230104,81.639807
Kotwali,07.07.2019 21:15,07-07-19,21:15,Street,5,1,0,21.235544,81.632642
Kotwali,12.07.2019 12:15,12-07-19,12:15,Street,5,1,0,21.231069,81.63969
Kotwali,14.07.2019 08:20,14-07-19,8:20,Street,5,1,0,21.239882,81.641529
Kotwali,12.07.2019 19:30,12-07-19,19:30,Street,5,1,0,21.239126,81.638281
Kotwali,15.07.2019 13:00,15-07-19,13:00,Street,5,1,0,21.233113,81.630339
Kotwali,18.07.2019 12:30,18-07-19,12:30,Street,5,1,0,21.22182,81.647293
Kotwali,07.07.2019 08:45,07-07-19,8:45,Street,5,1,0,21.230104,81.639807
Kotwali,07.07.2019 15:30,07-07-19,15:30,Street,5,1,0,21.237917,81.642041
Kotwali,23.07.2019 10:30,23-07-19,10:30,Street,5,1,0,21.239697,81.639383
Kotwali,27.07.2019 20:00,27-07-19,20:00,Street,5,1,0,21.230104,81.639807
Kotwali,02.08.2019 14:30,02-08-19,14:30,Street,5,1,0,21.228198,81.651219
Kotwali,31.07.2019 18:30,31-07-19,18:30,Shop,4,1,0,21.237851,81.635437
Kotwali,07.07.2019 17:30,07-07-19,17:30,Street,5,1,0,21.238151,81.633806
Kotwali,11.08.2019 10:30,11-08-19,10:30,Street,5,1,0,21.237987,81.641502
Kotwali,13.08.2019 02:00,13-08-19,2:00,House,2,1,0,21.22992,81.639587
Kotwali,12.08.2019 01:30,12-08-19,1:30,Street,5,1,0,21.237079,81.638761
Kotwali,14.08.2019 13:30,14-08-19,13:30,Street,5,1,0,21.222519,81.646955
Kotwali,15.08.2019 22:45,15-08-19,22:45,Street,5,1,0,21.238224,81.643838
Kotwali,16.08.2019 03:00,16-08-19,3:00,House,2,1,0,21.238348,81.640444
Kotwali,17.08.2019 04:45,17-08-19,4:45,House,2,1,0,21.234604,81.644396
Kotwali,20.08.2019 16:45,20-08-19,16:45,Street,5,1,0,21.239992,81.641539
Kotwali,21.08.2019 12:30,21-08-19,12:30,Street,5,1,0,21.222519,81.646955
Kotwali,22.08.2019 01:30,22-08-19,1:30,Shop,4,1,0,21.224292,81.650817
Kotwali,23.08.2019 12:15,23-08-19,12:15,Street,5,1,0,21.235969,81.638182
Kotwali,27.08.2019 09:20,27-08-19,9:20,Street,5,1,0,21.237987,81.641502
Kotwali,28.08.2019 21:00,28-08-19,21:00,Street,5,1,0,21.239299,81.639518
Kotwali,02.09.2019 14:15,02-09-19,14:15,Street,5,1,0,21.238592,81.630342
Kotwali,01.09.2019 13:30,01-09-19,13:30,Street,5,1,0,21.228949,81.6507
Kotwali,02.09.2019 12:30,02-09-19,12:30,Street,5,1,0,21.222519,81.646955
Kotwali,07.09.2019 20:00,07-09-19,20:00,Shop,4,1,0,21.26209,81.640681
Kotwali,08.09.2019 12:15,08-09-19,12:15,Street,5,1,0,21.234816,81.636956
Kotwali,15.09.2019 01:00,15-09-19,1:00,Street,5,1,0,21.238257,81.637131
Kotwali,18.09.2019 02:00,18-09-19,2:00,Street,5,1,0,21.242262,81.639477
Kotwali,19.09.2019 03:00,19-09-19,3:00,House,2,1,0,21.230284,81.648792
Kotwali,19.09.2019 11:30,19-09-19,11:30,Street,5,1,0,21.232469,81.636716
Kotwali,21.09.2019 15:15,21-09-19,15:15,House,2,1,0,21.22918,81.653127
Kotwali,29.09.2019 02:30,29-09-19,2:30,Street,5,1,0,21.238779,81.635526
Kotwali,28.09.2019 20:30,28-09-19,20:30,Street,5,1,0,21.230104,81.639807
Kotwali,29.09.2019 01:30,29-09-19,1:30,Street,5,1,0,21.239228,81.63376
Kotwali,28.09.2019 22:00,28-09-19,22:00,Street,5,1,0,21.239644,81.638654
Kotwali,29.09.2019 16:00,29-09-19,16:00,Street,5,1,0,21.235066,81.631252
Kotwali,27.09.2019 02:00,27-09-19,2:00,Street,5,1,0,21.224829,81.652709
Kotwali,16.10.2019 22:00,16-10-19,22:00,Street,5,1,0,21.235158,81.631303
Kotwali,15.10.2019 21:30,15-10-19,21:30,Street,5,1,0,21.239629,81.639329
Kotwali,08.10.2019 14:30,08-10-19,14:30,Street,5,1,0,21.237111,81.63712
Kotwali,19.10.2019 15:00,19-10-19,15:00,Street,5,1,0,21.240132,81.636468
Kotwali,20.10.2019 02:00,20-10-19,2:00,Shop,4,1,0,21.223291,81.65235
Kotwali,23.10.2019 02:30,23-10-19,2:30,House,2,1,0,21.233821,81.63856
Kotwali,23.10.2019 15:30,23-10-19,15:30,Street,5,1,0,21.225466,81.653128
Kotwali,23.10.2019 17:15,23-10-19,17:15,Street,5,1,0,21.239705,81.636732
Kotwali,24.10.2019 16:45,24-10-19,16:45,Street,5,1,0,21.238741,81.629915
Kotwali,24.10.2019 19:30,24-10-19,19:30,Street,5,1,0,21.230104,81.639807
Kotwali,10.10.2019 07:10,10-10-19,7:10,Street,5,1,0,21.236279,81.640042
Kotwali,05.11.2019 14:35,05-11-19,14:35,Office,3,1,0,21.237582,81.641116
Kotwali,07.11.2019 20:30,07-11-19,20:30,Street,5,1,0,21.230104,81.639807
Kotwali,10.11.2019 11:30,10-11-19,11:30,Street,5,1,0,21.240626,81.638969
Kotwali,11.11.2019 21:00,11-11-19,21:00,Street,5,1,0,21.234944,81.630283
Kotwali,19.11.2019 15:45,19-11-19,15:45,Street,5,1,0,21.234314,81.638611
Kotwali,19.11.2019 20:00,19-11-19,20:00,Street,5,1,0,21.230104,81.639807
Kotwali,14.11.2019 15:00,14-11-19,15:00,Street,5,1,0,21.235544,81.632642
Kotwali,28.11.2019 19:45,28-11-19,19:45,Street,5,1,0,21.236279,81.640042
Kotwali,17.12.2019 07:00,17-12-19,7:00,Shop,4,1,0,21.23832,81.631919
Kotwali,06.01.2019 10:30,06-01-19,10:30,House,2,0,1,21.230129,81.646715
Kotwali,09.01.2019 21:15,09-01-19,21:15,Street,5,0,1,21.232307,81.635918
Kotwali,13.01.2019 13:00,13-01-19,13:00,Street,5,0,1,21.239882,81.641529
Kotwali,29.01.2019 21:00,29-01-19,21:00,House,2,0,1,21.232307,81.635918
Kotwali,29.01.2019 14:00,29-01-19,14:00,House,2,0,1,21.236161,81.637
Kotwali,03.02.2019 19:45,03-02-19,19:45,Shop,4,0,1,21.230104,81.639807
Kotwali,03.02.2019 19:00,03-02-19,19:00,Shop,4,0,1,21.223732,81.643409
Kotwali,04.02.2019 22:30,04-02-19,22:30,Street,5,0,1,21.232307,81.635918
Kotwali,12.02.2019 20:00,12-02-19,20:00,Street,5,0,1,21.222572,81.650411
Kotwali,16.02.2019 22:30,16-02-19,22:30,House,2,0,1,21.223732,81.643409
Kotwali,17.02.2019 18:30,17-02-19,18:30,Street,5,0,1,21.220687,81.649347
Kotwali,20.02.2019 23:30,20-02-19,23:30,Street,5,0,1,21.230129,81.646715
Kotwali,16.03.2019 15:00,16-03-19,15:00,Street,5,0,1,21.230129,81.646715
Kotwali,19.03.2019 14:30,19-03-19,14:30,House,2,0,1,21.239126,81.638281
Kotwali,21.03.2019 15:40,21-03-19,15:40,Street,5,0,1,21.239126,81.638281
Kotwali,26.03.2019 21:00,26-03-19,21:00,Street,5,0,1,21.232307,81.635918
Kotwali,05.04.2019 18:30,05-04-19,18:30,Street,5,0,1,21.236279,81.640042
Kotwali,06.04.2019 18:00,06-04-19,18:00,Street,5,0,1,21.230129,81.646715
Kotwali,13.04.2019 10:00,13-04-19,10:00,Street,5,0,1,21.239126,81.638281
Kotwali,27.04.2019 19:45,27-04-19,19:45,Street,5,0,1,21.223732,81.643409
Kotwali,27.04.2019 19:45,27-04-19,19:45,Street,5,0,1,21.223732,81.643409
Kotwali,28.04.2019 19:30,28-04-19,19:30,Street,5,0,1,21.230104,81.639807
Kotwali,29.04.2019 15:00,29-04-19,15:00,Street,5,0,1,21.232307,81.635918
Kotwali,04.05.2019 23:00,04-05-19,23:00,Shop,4,0,1,21.239126,81.638281
Kotwali,10.05.2019 00:30,10-05-19,0:30,Street,5,0,1,21.239126,81.638281
Kotwali,17.05.2019 09:15,17-05-19,9:15,Street,5,0,1,21.230129,81.646715
Kotwali,29.05.2019 23:30,29-05-19,23:30,Street,5,0,1,21.234552,81.638863
Kotwali,07.06.2019 13:20,07-06-19,13:20,Street,5,0,1,21.239126,81.638281
Kotwali,07.06.2019 14:30,07-06-19,14:30,Street,5,0,1,21.239126,81.638281
Kotwali,07.06.2019 08:00,07-06-19,8:00,Street,5,0,1,21.236279,81.640042
Kotwali,07.06.2019 22:00,07-06-19,22:00,Street,5,0,1,21.236279,81.640042
Kotwali,08.06.2019 21:00,08-06-19,21:00,Street,5,0,1,21.236279,81.640042
Kotwali,29.06.2019 00:30,29-06-19,0:30,Street,5,0,1,21.234552,81.638863
Kotwali,06.07.2019 19:30,06-07-19,19:30,Street,5,0,1,21.239126,81.638281
Kotwali,15.08.2019 21:30,15-08-19,21:30,Street,5,0,1,21.239882,81.641529
Kotwali,04.09.2019 11:30,04-09-19,11:30,Street,5,0,1,21.220687,81.649347
Kotwali,06.09.2019 21:30,06-09-19,21:30,Street,5,0,1,21.23691,81.628854
Kotwali,06.09.2019 20:30,06-09-19,20:30,Street,5,0,1,21.23691,81.628854
Kotwali,08.09.2019 00:30,08-09-19,0:30,Street,5,0,1,21.230129,81.646715
Kotwali,21.09.2019 17:00,21-09-19,17:00,Street,5,0,1,21.235582,81.636949
Kotwali,20.09.2019 21:30,20-09-19,21:30,Street,5,0,1,21.230129,81.646715
Kotwali,25.09.2019 10:30,25-09-19,10:30,Street,5,0,1,21.220687,81.649347
Kotwali,12.10.2019 17:15,12-10-19,17:15,Street,5,0,1,21.234552,81.638863
Kotwali,12.10.2019 17:00,12-10-19,17:00,Street,5,0,1,21.234552,81.638863
Kotwali,15.10.2019 14:00,15-10-19,14:00,Street,5,0,1,21.237987,81.641502
Kotwali,15.10.2019 23:00,15-10-19,23:00,Street,5,0,1,21.230129,81.646715
Kotwali,18.10.2019 14:30,18-10-19,14:30,Street,5,0,1,21.230129,81.646715
Kotwali,17.11.2019 12:30,17-11-19,12:30,Street,5,0,1,21.230129,81.646715
Kotwali,28.11.2019 22:30,28-11-19,22:30,Street,5,0,1,21.222572,81.650411
Kotwali,29.11.2019 19:10,29-11-19,19:10,Street,5,0,1,21.235582,81.636949
Kotwali,21.12.2019 21:30,21-12-19,21:30,Street,5,0,1,21.23691,81.628854
Kotwali,25.12.2019 21:30,25-12-19,21:30,Street,5,0,1,21.230129,81.646715
Kotwali,30.12.2019 23:05,30-12-19,23:05,Street,5,0,1,21.239126,81.638281
